batch,avg time
4,0.09201093003749847
8,0.04648341458797455
16,0.025538991167545315
32,0.01393205008506775
64,0.0072294611382484435
