batch,mean test
4,0.9260931
8,0.92608184
16,0.91869247
32,0.916008
64,0.91868794
