batch,mean test
5,0.9213951
10,0.9240662
15,0.92272615
20,0.9294534
25,0.93348473
