batch,mean test
0,0.9267575
0.001,0.9341469
1e-06,0.92810214
1e-09,0.92742187
1e-12,0.9233905
