epoch,test accuracy,entropy_cost
0,0.20285714,2.2555504
1,0.33571428,1.8562809
2,0.39,1.5094224
3,0.41,1.3062242
4,0.4,1.2588143
5,0.41,1.0835457
6,0.40428573,0.9943201
7,0.40142858,0.92966056
8,0.40285715,0.91569203
9,0.39857143,0.8361705
