batch,average time per epoch
4,0.12174572804978655
8,0.061774387497587256
16,0.02934210515143302
32,0.015518223387335762
64,0.00826291335052645
